"","ag","conta"
"1","01","141"
"2","01","142"
"3","01","143"
"4","01","144"
"5","01","145"
"6","01","146"
"7","01","147"
"8","01","148"
"9","01","149"
"10","01","150"
"11","01","151"
"12","01","152"
"13","01","153"
"14","01","154"
"15","01","155"
"16","01","156"
"17","01","157"
"18","01","158"
"19","01","159"
"20","01","160"
"21","01","161"
"22","01","162"
"23","01","163"
"24","01","164"
"25","01","165"
"26","01","166"
"27","01","167"
"28","01","168"
"29","01","169"
"30","01","170"
"31","01","171"
"32","01","172"
"33","01","173"
"34","01","174"
"35","01","175"
"36","01","176"
"37","01","177"
"38","01","178"
"39","01","179"
"40","01","180"
"41","01","181"
"42","01","182"
"43","01","183"
"44","01","184"
"45","01","185"
"46","01","186"
"47","01","187"
"48","01","188"
"49","01","189"
"50","01","190"
"51","02","191"
"52","02","192"
"53","02","193"
"54","02","194"
"55","02","195"
"56","02","196"
"57","02","197"
"58","02","198"
"59","02","199"
"60","02","200"
"61","02","201"
"62","02","202"
"63","02","203"
"64","02","204"
"65","02","205"
"66","02","206"
"67","02","207"
"68","02","208"
"69","02","209"
"70","02","210"
"71","02","211"
"72","02","212"
"73","02","213"
"74","02","214"
"75","02","215"
"76","02","216"
"77","02","217"
"78","02","218"
"79","02","219"
"80","02","220"
"81","02","221"
"82","02","222"
"83","02","223"
"84","02","224"
"85","02","225"
"86","02","226"
"87","02","227"
"88","02","228"
"89","02","229"
"90","02","230"
"91","02","231"
"92","02","232"
"93","02","233"
"94","02","234"
"95","02","235"
"96","02","236"
"97","02","237"
"98","02","238"
"99","02","239"
"100","02","240"
